level	pdf_page	section
1	3	Table of Contents
1	14	Preface
1	19	Part A, Doing Business with Fannie Mae
2	20	Subpart A1, Approval Qualification
3	20	Chapter A1-1, Application and Approval of Seller/Servicer
4	20	A1-1-01, Application and Approval of Seller/Servicer (09/04/2018)
2	20	Subpart A2, Lender Contract
3	21	Chapter A2-1, Contractual Obligations for Sellers/Servicers
4	21	A2-1-01, Contractual Obligations for Sellers/Servicers (06/04/2025)
4	25	A2-1-02, Nature of Mortgage Transaction (02/27/2018)
4	26	A2-1-03, Indemnification for Losses (10/06/2021)
3	31	Chapter A2-2, Contractual Representations and Warranties
4	32	A2-2-01, Representations and Warranties Overview (02/05/2020)
4	34	A2-2-02, Delivery Information and Delivery-Option Specific Representations and Warranties (08/30/2016)
4	35	A2-2-03, Document Warranties (10/06/2021)
4	38	A2-2-04, Limited Waiver and Enforcement Relief of Representations and Warranties (04/01/2026)
4	44	A2-2-05, Invalidation of Limited Waiver of Representations and Warranties (01/27/2015)
4	45	A2-2-06, Representations and Warranties on Property Value (06/03/2026)
4	48	A2-2-07, Life-of-Loan Representations and Warranties (08/02/2023)
3	56	Chapter A2-3, Lender Breach of Contract
4	56	Section A2-3.1, Lender Breach of Contract
5	56	A2-3.1-01, Lender Breach of Contract (08/05/2020)
5	58	A2-3.1-02, Sanctions, Suspensions, and Terminations (02/23/2016)
4	60	Section A2-3.2, Loan Repurchases and Make Whole Payments Requested by Fannie Mae
5	60	A2-3.2-01, Loan Repurchases and Make Whole Payments Requested by Fannie Mae (08/29/2017)
5	65	A2-3.2-02, Enforcement Relief for Breaches of Certain Representations and Warranties Related to Underwriting and Eligibility (08/06/2025)
5	70	A2-3.2-03, Remedies Framework (08/30/2016)
4	76	Section A2-3.3, Compensatory Fees
5	76	A2-3.3-01, Compensatory Fees (07/30/2013)
3	78	Chapter A2-4, Loan Files and Records
4	78	Section A2-4.1, Establishment, Ownership, and Retention of Loan Files and Records
5	78	A2-4.1-01, Establishing Loan Files (09/04/2024)
5	83	A2-4.1-02, Ownership and Retention of Loan Files and Records (12/19/2017)
5	89	A2-4.1-03, Electronic Records, Signatures, and Transactions (05/06/2026)
5	98	A2-4.1-04, Notarization Standards (06/02/2021)
3	102	Chapter A2-5, Fannie Mae Trade Name and Trademarks
4	102	A2-5-01, Fannie Mae Trade Name and Trademarks (08/29/2017)
2	105	Subpart A3, Getting Started With Fannie Mae
3	105	Chapter A3-1, Fannie Mae’s Technology Products
4	106	A3-1-01, Fannie Mae’s Technology Products (10/06/2021)
3	107	Chapter A3-2, Compliance With Requirements and Laws
4	107	A3-2-01, Compliance With Laws (12/10/2025)
4	119	A3-2-02, Responsible Lending Practices (09/01/2021)
3	122	Chapter A3-3, Third-Party Lending Functions and Servicing Arrangements
4	123	A3-3-01, Outsourcing of Mortgage Processing and Third-Party Originations (02/07/2024)
4	125	A3-3-02, Concurrent Servicing Transfers (05/01/2024)
4	131	A3-3-03, Other Servicing Arrangements (12/15/2015)
4	133	A3-3-04, Document Custodians (05/04/2022)
4	135	A3-3-05, Custody of Mortgage Documents (05/04/2022)
3	137	Chapter A3-4, Lending Practices
4	137	A3-4-01, Confidentiality of Information (02/05/2025)
4	141	A3-4-02, Data Quality and Integrity (08/07/2018)
4	141	A3-4-03, Preventing, Detecting, and Reporting Mortgage Fraud (12/10/2025)
3	145	Chapter A3-5, Fidelity Bond and Errors and Omissions Coverage
4	145	A3-5-01, Fidelity Bond and Errors and Omissions Coverage Provisions (07/25/2017)
4	146	A3-5-02, Fidelity Bond Policy Requirements (07/25/2017)
4	148	A3-5-03, Errors and Omissions Policy Requirements (07/25/2017)
4	150	A3-5-04, Reporting Fidelity Bond and Errors and Omissions Events (12/04/2019)
2	150	Subpart A4, Maintaining Seller/Servicer Eligibility
3	151	Chapter A4-1, Maintaining Seller/Servicer Eligibility: Overview
4	151	A4-1-01, Maintaining Seller/Servicer Eligibility (08/05/2026)
4	158	A4-1-02, Submission of Financial Statements and Reports (05/01/2024)
4	162	A4-1-03, Report of Changes in the Seller/Servicer’s Organization (05/01/2024)
4	164	A4-1-04, Submission of Irrevocable Limited Powers of Attorney (05/04/2022)
1	166	Part B, Origination Through Closing
2	167	Subpart B1, Loan Application Package
3	167	Chapter B1-1, Application Package Documentation
4	167	B1-1-01, Contents of the Application Package (05/01/2024)
4	169	B1-1-02, Blanket Authorization Form (04/01/2009)
4	170	B1-1-03, Allowable Age of Credit Documents and Federal Income Tax Returns (04/02/2025)
2	175	Subpart B2, Eligibility
3	175	Chapter B2-1, Mortgage Eligibility
4	175	Section B2-1.1, Occupancy Types
5	175	B2-1.1-01, Occupancy Types (10/05/2022)
4	178	Section B2-1.2, LTV, CLTV, HCLTV, and Subordinate Financing
5	179	B2-1.2-01, Loan-to-Value (LTV) Ratios (06/01/2022)
5	181	B2-1.2-02, Combined Loan-to-Value (CLTV) Ratios (12/04/2018)
5	182	B2-1.2-03, Home Equity Combined Loan-to-Value (HCLTV) Ratios (02/23/2016)
5	183	B2-1.2-04, Subordinate Financing (08/06/2025)
4	188	Section B2-1.3, Loan Purpose
5	188	B2-1.3-01, Purchase Transactions (11/05/2025)
5	191	B2-1.3-02, Limited Cash-Out Refinance Transactions (10/08/2025)
5	197	B2-1.3-03, Cash-Out Refinance Transactions (12/10/2025)
5	202	B2-1.3-04, Prohibited Refinancing Practices (08/04/2021)
5	205	B2-1.3-05, Payoff of Installment Land Contract Requirements (12/11/2024)
4	206	Section B2-1.4, Loan Amortization Types
5	206	B2-1.4-01, Fixed-Rate Loans (12/14/2022)
5	207	B2-1.4-02, Adjustable-Rate Mortgages (ARMs) (12/10/2025)
5	215	B2-1.4-03, Convertible ARMs (02/23/2016)
5	219	B2-1.4-04, Temporary Interest Rate Buydowns (08/07/2024)
4	223	Section B2-1.5, Other Loan Attributes and Related Policies
5	224	B2-1.5-01, Loan Limits (02/02/2022)
5	225	B2-1.5-02, Loan Eligibility (06/05/2024)
5	236	B2-1.5-03, Legal Requirements (06/03/2020)
5	238	B2-1.5-04, Escrow Accounts (04/01/2020)
5	239	B2-1.5-05, Principal Curtailments (11/06/2024)
3	241	Chapter B2-2, Borrower Eligibility
4	241	B2-2-01, General Borrower Eligibility Requirements (09/03/2025)
4	243	B2-2-02, Non–U.S. Citizen Borrower Eligibility Requirements (07/28/2015)
4	244	B2-2-03, Multiple Financed Properties for the Same Borrower (11/05/2025)
4	247	B2-2-04, Guarantors, Co-Signers, or Non-Occupant Borrowers on the Subject Transaction (09/02/2020)
4	250	B2-2-05, Inter Vivos Revocable Trusts (10/31/2017)
4	253	B2-2-06, Homeownership Education and Housing Counseling (11/05/2025)
4	256	B2-2-07, First-Generation Homebuyer Loans (05/01/2024)
3	257	Chapter B2-3, Property Eligibility
4	258	B2-3-01, General Property Eligibility (09/03/2025)
4	261	B2-3-02, Special Property Eligibility and Underwriting Considerations: Factory-Built Housing (02/04/2026)
4	268	B2-3-03, Special Property Eligibility and Underwriting Considerations: Leasehold Estates (08/05/2026)
4	275	B2-3-04, Special Property Eligibility Considerations (10/08/2025)
4	283	B2-3-05, Properties Affected by a Disaster (09/03/2025)
2	285	Subpart B3, Underwriting Borrowers
3	286	Chapter B3-1, Manual Underwriting
4	286	B3-1-01, Comprehensive Risk Assessment (11/05/2025)
3	287	Chapter B3-2, Desktop Underwriter (DU)
4	288	B3-2-01, General Information on DU (04/01/2026)
4	292	B3-2-02, DU Validation Service (02/05/2025)
4	300	B3-2-03, Risk Factors Evaluated by DU (02/05/2025)
4	306	B3-2-04, DU Documentation Requirements (03/31/2015)
4	307	B3-2-05, Approve/Eligible Recommendations (01/27/2015)
4	308	B3-2-06, Approve/Ineligible Recommendations (02/01/2023)
4	310	B3-2-07, Refer with Caution Recommendations (02/01/2023)
4	312	B3-2-08, Out of Scope Recommendations (04/01/2009)
4	312	B3-2-09, Erroneous Credit Report Data (01/27/2015)
4	314	B3-2-10, Accuracy of DU Data, DU Tolerances, and Errors in the Credit Report (12/04/2019)
4	317	B3-2-11, DU Underwriting Findings Report (09/07/2022)
3	318	Chapter B3-3, Income Assessment
4	319	Section B3-3.1, General Income Requirements
5	319	B3-3.1-01, General Income Information (03/04/2026)
5	321	B3-3.1-02, Tax Return and Transcript Documentation Requirements (06/03/2026)
5	324	B3-3.1-03, Income Calculator (03/04/2026)
5	325	B3-3.1-04, Verbal Verification of Employment (03/04/2026)
4	328	Section B3-3.2, Requirements for Employment-Related Income
5	328	B3-3.2-01, Standards for Employment and Income Documentation (03/04/2026)
5	331	B3-3.2-02, Standards for Employment-Related Income (03/04/2026)
4	333	Section B3-3.3, Sources of Employment-Related Income
5	334	B3-3.3-01, Base Income (03/04/2026)
5	336	B3-3.3-02, Bonus, Commission, Overtime, and Tip Income (03/04/2026)
5	338	B3-3.3-03, Employment Offers or Contracts (03/04/2026)
5	342	B3-3.3-04, Housing (Parsonage) and Automobile Allowances (03/04/2026)
5	343	B3-3.3-05, Military Income (03/04/2026)
5	344	B3-3.3-06, Mortgage Differential Payments Income (03/04/2026)
5	345	B3-3.3-07, Restricted Stock Units and Restricted Stock Employment Income (03/04/2026)
5	347	B3-3.3-08, Seasonal Income (03/04/2026)
5	348	B3-3.3-09, Temporary Leave Income (03/04/2026)
4	352	Section B3-3.4, Other Sources of Income
5	352	B3-3.4-01, General Requirements for Other Sources of Income (03/04/2026)
5	353	B3-3.4-02, Alimony, Child Support, Equalization Payments, or Separate Maintenance (03/04/2026)
5	354	B3-3.4-03, Annuity, Pension, or Retirement Income (03/04/2026)
5	356	B3-3.4-04, Boarder Income (03/04/2026)
5	358	B3-3.4-05, Capital Gains Income (03/04/2026)
5	359	B3-3.4-06, Employment Related Assets as Qualifying Income (03/04/2026)
5	363	B3-3.4-07, Foster-Care Income (03/04/2026)
5	364	B3-3.4-08, Interest and Dividend Income (03/04/2026)
5	365	B3-3.4-09, Long-term Disability Income (03/04/2026)
5	366	B3-3.4-10, Mortgage Credit Certificates (03/04/2026)
5	368	B3-3.4-11, Notes Receivable Income (03/04/2026)
5	369	B3-3.4-12, Public Assistance Income (03/04/2026)
5	370	B3-3.4-13, Royalty Payment Income (03/04/2026)
5	371	B3-3.4-14, Section 8 Housing Choice Voucher Homeownership Program Payments (03/04/2026)
5	372	B3-3.4-15, Social Security Income (03/04/2026)
5	375	B3-3.4-16, Trust Income (03/04/2026)
5	377	B3-3.4-17, Unemployment Benefits Income (03/04/2026)
5	378	B3-3.4-18, VA Benefits Income (03/04/2026)
5	379	B3-3.4-19, Schedule K-1 Income <25% Ownership (03/04/2026)
4	380	Section B3-3.5, Self-Employment Income
5	380	B3-3.5-01, Underwriting Factors and Documentation for a Self-Employed Borrower (12/13/2023)
5	385	B3-3.5-02, Business Structures (12/16/2014)
5	389	B3-3.5-03, IRS Forms Quick Reference (12/16/2020)
4	391	Section B3-3.6, Self-Employment Documentation Requirements for an Individual
5	391	B3-3.6-01, General Information on Analyzing Individual Tax Returns (06/05/2019)
5	392	B3-3.6-02, Income Reported on IRS Form 1040 (05/15/2012)
5	394	B3-3.6-03, Income or Loss Reported on IRS Form 1040, Schedule C (04/01/2009)
5	395	B3-3.6-04, Income or Loss Reported on IRS Form 1040, Schedule D (11/13/2012)
5	396	B3-3.6-05, Income or Loss Reported on IRS Form 1040, Schedule E (09/30/2014)
5	397	B3-3.6-06, Income or Loss Reported on IRS Form 1040, Schedule F (04/01/2009)
5	398	B3-3.6-07, Income or Loss Reported on IRS Form 1065 or IRS Form 1120S, Schedule K-1 (05/07/2025)
4	400	Section B3-3.7, Self-Employment Documentation Requirements for a Business
5	400	B3-3.7-01, Analyzing Partnership Returns for a Partnership or LLC (02/07/2024)
5	402	B3-3.7-02, Analyzing Returns for an S Corporation (02/07/2024)
5	405	B3-3.7-03, Analyzing Returns for a Corporation (06/05/2019)
5	406	B3-3.7-04, Analyzing Profit and Loss Statements (04/01/2009)
4	407	Section B3-3.8, Rental Income
5	407	B3-3.8-01, Rental Income (10/08/2025)
3	418	Chapter B3-4, Asset Assessment
4	418	Section B3-4.1, General Asset Requirements
5	418	B3-4.1-01, Minimum Reserve Requirements (08/07/2024)
5	424	B3-4.1-02, Interested Party Contributions (IPCs) (05/07/2025)
5	429	B3-4.1-03, Lender Incentives (07/02/2025)
5	430	B3-4.1-04, Virtual Currency (05/04/2022)
4	431	Section B3-4.2, Verification of Depository Assets
5	431	B3-4.2-01, Verification of Deposits and Assets (05/04/2022)
5	433	B3-4.2-02, Depository Accounts (12/14/2022)
5	436	B3-4.2-03, Individual Development Accounts (02/06/2019)
5	439	B3-4.2-04, Pooled Savings (Community Savings Funds) (04/01/2009)
5	439	B3-4.2-05, Foreign Assets (05/04/2022)
4	440	Section B3-4.3, Verification of Non-Depository Assets
5	440	B3-4.3-01, Stocks, Stock Options, Bonds, and Mutual Funds (06/30/2015)
5	441	B3-4.3-02, Trust Accounts (04/01/2009)
5	442	B3-4.3-03, Retirement Accounts (06/30/2015)
5	443	B3-4.3-04, Personal Gifts (02/04/2026)
5	446	B3-4.3-05, Gifts of Equity (10/07/2020)
5	447	B3-4.3-06, Grants and Lender Contributions (05/07/2025)
5	450	B3-4.3-07, Disaster Relief Grants or Loans (04/01/2009)
5	451	B3-4.3-08, Employer Assistance (09/29/2015)
5	453	B3-4.3-09, Earnest Money Deposit (05/04/2022)
5	454	B3-4.3-10, Anticipated Sales Proceeds (02/23/2016)
5	455	B3-4.3-11, Trade Equity (12/16/2020)
5	457	B3-4.3-12, Rent-Related Credits (08/07/2024)
5	458	B3-4.3-13, Sweat Equity (04/15/2014)
5	459	B3-4.3-14, Bridge/Swing Loans (04/01/2009)
5	459	B3-4.3-15, Borrowed Funds Secured by an Asset (10/30/2009)
5	460	B3-4.3-16, Credit Card Financing and Reward Points (08/04/2021)
5	462	B3-4.3-17, Personal Unsecured Loans (09/20/2010)
5	462	B3-4.3-18, Sale of Personal Assets (12/16/2020)
5	463	B3-4.3-19, Cash Value of Life Insurance (05/27/2014)
5	464	B3-4.3-20, Anticipated Savings and Cash-on-Hand (04/01/2009)
5	465	B3-4.3-21, Borrower's Earned Real Estate Commission (04/05/2023)
4	466	Section B3-4.4, DU Requirements for Asset Assessment
5	466	B3-4.4-01, DU Asset Verification (12/16/2020)
5	468	B3-4.4-02, Requirements for Certain Assets in DU (06/01/2022)
3	471	Chapter B3-5, Credit Assessment
4	471	Section B3-5.1, Credit Scores
5	471	B3-5.1-01, General Requirements for Credit Scores (04/22/2026)
5	475	B3-5.1-02, Determining the Credit Score for a Mortgage Loan (04/22/2026)
4	477	Section B3-5.2, Credit Reports
5	477	B3-5.2-01, Requirements for Credit Reports (11/05/2025)
5	481	B3-5.2-02, Types of Credit Reports (11/05/2025)
5	483	B3-5.2-03, Accuracy of Credit Information in a Credit Report (07/25/2017)
4	484	Section B3-5.3, Traditional Credit History
5	484	B3-5.3-01, Number and Age of Accounts (04/01/2009)
5	485	B3-5.3-02, Payment History (04/01/2009)
5	485	B3-5.3-03, Previous Mortgage Payment History (07/25/2017)
5	487	B3-5.3-04, Inquiries: Recent Attempts to Obtain New Credit (04/01/2009)
5	488	B3-5.3-05, Credit Utilization (05/31/2016)
5	488	B3-5.3-06, Authorized Users of Credit (10/30/2009)
5	489	B3-5.3-07, Significant Derogatory Credit Events — Waiting Periods and Re-establishing Credit (08/07/2019)
5	495	B3-5.3-08, Extenuating Circumstances for Derogatory Credit (12/16/2014)
5	496	B3-5.3-09, DU Credit Report Analysis (08/05/2026)
4	504	Section B3-5.4, Nontraditional Credit History
5	505	B3-5.4-01, Eligibility Requirements for Loans with Nontraditional Credit (11/05/2025)
5	507	B3-5.4-02, Number and Types of Nontraditional Credit References (02/04/2026)
5	510	B3-5.4-03, Documentation and Assessment of a Nontraditional Credit History (02/07/2024)
3	513	Chapter B3-6, Liability Assessment
4	513	B3-6-01, General Information on Liabilities (05/04/2022)
4	515	B3-6-02, Debt-to-Income Ratios (04/02/2025)
4	519	B3-6-03, Monthly Housing Expense for the Subject Property (12/16/2020)
4	521	B3-6-04, Qualifying Payment Requirements (02/07/2024)
4	523	B3-6-05, Monthly Debt Obligations (08/05/2026)
4	530	B3-6-06, Qualifying Impact of Other Real Estate Owned (06/30/2015)
4	531	B3-6-07, Debts Paid Off At or Prior to Closing (04/05/2023)
4	533	B3-6-08, DU: Requirements for Liability Assessment (01/27/2015)
2	534	Subpart B4, Underwriting Property
3	535	Chapter B4-1, Property Assessment and Valuation
4	535	Section B4-1.1, General Appraisal Requirements
5	535	B4-1.1-01, Definition of Market Value (06/04/2025)
5	536	B4-1.1-02, Lender Responsibilities (06/04/2025)
5	539	B4-1.1-03, Appraiser Selection Criteria (06/04/2025)
5	542	B4-1.1-04, Unacceptable Appraisal Practices (06/04/2025)
5	544	B4-1.1-05, Disclosure of Information to Appraisers (06/04/2025)
5	546	B4-1.1-06, Uniform Appraisal Dataset (UAD) and the Uniform Collateral Data Portal (UCDP) (06/04/2025)
4	548	Section B4-1.2, Documentation Standards
5	548	B4-1.2-01, Appraisal Report Forms and Exhibits (09/03/2025)
5	554	B4-1.2-02, Desktop Appraisals (12/10/2025)
5	557	B4-1.2-03, Hybrid Appraisals (12/10/2025)
5	560	B4-1.2-04, Appraisal Age and Use Requirements (06/04/2025)
5	562	B4-1.2-05, Requirements for Verifying Completion and Postponed Improvements (12/10/2025)
4	569	Section B4-1.3, Appraisal Report Assessment
5	570	B4-1.3-01, Review of the Appraisal Report (06/04/2025)
5	571	B4-1.3-02, Subject and Contract Sections of the Appraisal Report (06/04/2025)
5	573	B4-1.3-03, Neighborhood Section of the Appraisal Report (06/04/2025)
5	578	B4-1.3-04, Site Section of the Appraisal Report (06/04/2025)
5	581	B4-1.3-05, Improvements Section of the Appraisal Report (06/04/2025)
5	588	B4-1.3-06, Property Condition and Quality of Construction of the Improvements (06/04/2025)
5	596	B4-1.3-07, Sales Comparison Approach Section of the Appraisal Report (06/04/2025)
5	598	B4-1.3-08, Comparable Sales (06/04/2025)
5	602	B4-1.3-09, Adjustments to Comparable Sales (06/04/2025)
5	605	B4-1.3-10, Cost and Income Approach to Value (06/04/2025)
5	607	B4-1.3-11, Valuation Analysis and Reconciliation (06/04/2025)
5	608	B4-1.3-12, Appraisal Quality Matters (09/03/2025)
4	612	Section B4-1.4, Special Appraisal and Other Valuation Considerations
5	612	B4-1.4-01, Factory-Built Housing: Manufactured Housing (02/04/2026)
5	617	B4-1.4-02, Factory-Built Housing: Modular, Prefabricated, Panelized, or Sectional Housing (10/06/2021)
5	619	B4-1.4-03, Condo Appraisal Requirements (04/15/2014)
5	619	B4-1.4-04, Co-op Appraisal Requirements (04/15/2014)
5	622	B4-1.4-05, Leasehold Interests Appraisal Requirements (06/04/2025)
5	624	B4-1.4-06, Community Land Trust Appraisal Requirements (06/04/2025)
5	627	B4-1.4-07, Mixed-Use Property Appraisal Requirements (06/04/2025)
5	628	B4-1.4-08, Environmental Hazards Appraisal Requirements (06/04/2025)
5	630	B4-1.4-09, Special Assessment or Community Facilities Districts Appraisal Requirements (06/04/2025)
5	632	B4-1.4-10, Value Acceptance (06/03/2026)
5	635	B4-1.4-11, Value Acceptance + Property Data (12/10/2025)
3	639	Chapter B4-2, Project Standards
4	639	Section B4-2.1, General Project Standards
5	639	B4-2.1-01, General Information on Project Standards (08/05/2026)
5	650	B4-2.1-02, Waiver of Project Review (08/05/2026)
5	652	B4-2.1-03, Ineligible Projects (08/05/2026)
5	666	B4-2.1-04, Environmental Hazard Assessments (06/03/2020)
5	669	B4-2.1-05, Unacceptable Environmental Hazards (06/03/2020)
5	672	B4-2.1-06, Remedial Actions for Environmental Hazard Assessments Below Standards (06/03/2020)
4	674	Section B4-2.2, Project Eligibility
5	674	B4-2.2-01, Full Review Process (08/05/2026)
5	683	B4-2.2-02, Full Review: Additional Eligibility Requirements for Units in New and Newly Converted Condo Projects (08/05/2026)
5	687	B4-2.2-03, FHA-Approved Condo Review Eligibility (09/04/2018)
5	689	B4-2.2-04, Project Eligibility Review Service (PERS) (08/05/2026)
5	698	B4-2.2-05, Projects with Special Considerations (08/06/2025)
4	698	Section B4-2.3, PUD and Co-op Eligibility Requirements
5	698	B4-2.3-01, Eligibility Requirements for Units in PUD Projects (08/05/2026)
5	700	B4-2.3-02, Co-op Project Eligibility (05/06/2026)
5	707	B4-2.3-03, Legal Requirements for Co-op Projects (11/06/2024)
5	710	B4-2.3-04, Loan Eligibility for Co-op Share Loans (08/06/2025)
2	713	Subpart B5, Unique Eligibility and Underwriting Considerations
3	713	Chapter B5-1, High-Balance Mortgage Loans
4	713	B5-1-01, High-Balance Mortgage Loan Eligibility and Underwriting (07/02/2025)
4	714	B5-1-02, High-Balance Pricing, Mortgage Insurance, Special Feature Codes, and Delivery Limitations (02/01/2023)
3	716	Chapter B5-2, Manufactured Housing
4	716	B5-2-01, Manufactured Housing (11/06/2024)
4	717	B5-2-02, Manufactured Housing Loan Eligibility (12/10/2025)
4	719	B5-2-03, Manufactured Housing Underwriting Requirements (10/08/2025)
4	725	B5-2-04, Manufactured Housing Pricing, Mortgage Insurance, and Loan Delivery Requirements (12/10/2025)
4	726	B5-2-05, Manufactured Housing Legal Considerations (12/10/2025)
3	732	Chapter B5-3, Construction and Energy Financing
4	732	Section B5-3.1, Conversion of Construction-to-Permanent Financing
5	732	B5-3.1-01, Conversion of Construction-to-Permanent Financing: Overview (06/04/2025)
5	734	B5-3.1-02, Conversion of Construction-to-Permanent Financing: Single-Closing Transactions (05/06/2026)
5	740	B5-3.1-03, Conversion of Construction-to-Permanent Financing: Two-Closing Transactions (08/07/2019)
4	742	Section B5-3.2, HomeStyle Renovation Mortgage
5	742	B5-3.2-01, HomeStyle Renovation Mortgages (12/10/2025)
5	745	B5-3.2-02, HomeStyle Renovation Mortgages: Loan and Borrower Eligibility (12/10/2025)
5	749	B5-3.2-03, HomeStyle Renovation Mortgages: Collateral Considerations (12/10/2025)
5	751	B5-3.2-04, HomeStyle Renovation Mortgages: Costs and Escrow Accounts (12/10/2025)
5	754	B5-3.2-05, HomeStyle Renovation Mortgages: Completion Certification (08/05/2026)
5	755	B5-3.2-06, HomeStyle Renovation: Renovation Contract, Renovation Loan Agreement, and Lien Waiver (12/11/2024)
4	758	Section B5-3.3, HomeStyle Refresh Mortgages
5	758	B5-3.3-01, HomeStyle Refresh for Improvements on Existing Properties (08/05/2026)
4	763	Section B5-3.4, Property Assessed Clean Energy Loans
5	764	B5-3.4-01, Property Assessed Clean Energy Loans (10/08/2025)
3	765	Chapter B5-4, Property-Specific Products
4	766	Section B5-4.1, General Requirements of Texas Section 50(a)(6) Loans
5	766	B5-4.1-01, Texas Section 50(a)(6) Loans (12/19/2017)
5	768	B5-4.1-02, Texas Section 50(a)(6) Loan Eligibility (12/16/2020)
5	771	B5-4.1-03, Texas Section 50(a)(6) Loan Underwriting, Collateral, and Closing Considerations (03/04/2026)
5	773	B5-4.1-04, Texas Section 50(a)(6) Loan Delivery and Servicing Considerations (12/19/2017)
4	774	Section B5-4.2, Other Property-Specific Products
5	775	B5-4.2-01, Native American Conventional Lending Initiative (NACLI) (06/26/2012)
5	776	B5-4.2-02, Disaster-Related Limited Cash-Out Refinance Flexibilities (10/08/2025)
5	778	B5-4.2-03, Loans Secured by HomePath Properties (05/07/2025)
3	780	Chapter B5-5, Community Seconds, Loans with Resale Restrictions, and Shared Equity Transactions
4	780	Section B5-5.1, Community Seconds
5	781	B5-5.1-01, Community Seconds Loans (05/03/2023)
5	782	B5-5.1-02, Community Seconds Loan Eligibility (05/03/2023)
5	787	B5-5.1-03, Community Seconds: Shared Appreciation Transactions (11/01/2023)
4	791	Section B5-5.2, Loans with Resale Restrictions
5	791	B5-5.2-01, Loans With Resale Restrictions: General Information (05/03/2023)
5	792	B5-5.2-02, Loans with Resale Restrictions: Eligibility, Collateral and Delivery Requirements (08/05/2026)
4	794	Section B5-5.3, Shared Equity Transactions
5	795	B5-5.3-01, Shared Equity Overview (02/05/2025)
5	796	B5-5.3-02, Shared Equity Transactions: General Requirements (02/05/2025)
5	800	B5-5.3-03, Shared Equity Transactions: Eligibility, Underwriting and Collateral Requirements (02/05/2025)
5	805	B5-5.3-04, Massachusetts Resale Restriction Loan Eligibility Requirements (05/03/2023)
3	806	Chapter B5-6, HomeReady Mortgage
4	806	B5-6-01, HomeReady Mortgage Loan and Borrower Eligibility (06/04/2025)
4	811	B5-6-02, HomeReady Mortgage Underwriting Methods and Requirements (11/05/2025)
4	816	B5-6-03, HomeReady Mortgage Loan Pricing, Mortgage Insurance, and Special Feature Codes (06/05/2024)
3	817	Chapter B5-7, High Loan-to-Value Refinance Option
4	817	B5-7-01, High LTV Refinance Loan and Borrower Eligibility (08/06/2025)
4	822	B5-7-02, High LTV Refinance Underwriting, Documentation, and Collateral Requirements for the New Loan (09/03/2025)
4	826	B5-7-03, High LTV Refinance Alternative Qualification Path (06/04/2025)
4	831	B5-7-04, High LTV Refinance Representations and Warranties (03/01/2023)
4	832	B5-7-05, High LTV Refinance Pricing, Mortgage Insurance, and Special Feature Codes (08/07/2018)
2	834	Subpart B6, Government Programs Eligibility and Underwriting Requirements
3	835	Chapter B6-1, Government Insured and Guaranteed Mortgages
4	835	B6-1-01, General Government Mortgage Loan Requirements (07/05/2023)
4	838	B6-1-02, Eligible FHA-Insured Mortgage Loans (08/05/2020)
4	839	B6-1-03, Eligible VA-Guaranteed Mortgages (02/02/2022)
4	840	B6-1-04, Eligible HUD-Guaranteed Section 184 Mortgages (12/14/2022)
4	842	B6-1-05, Eligible RD-Guaranteed Mortgages (12/14/2022)
2	844	Subpart B7, Insurance
3	844	Chapter B7-1, Mortgage Insurance/Loan Guaranty
4	844	B7-1-01, Provision of Mortgage Insurance (04/02/2025)
4	850	B7-1-02, Mortgage Insurance Coverage Requirements (08/07/2019)
4	851	B7-1-03, Lender-Purchased Mortgage Insurance (05/27/2010)
4	853	B7-1-04, Financed Borrower-Purchased Mortgage Insurance (12/15/2021)
4	855	B7-1-05, Government Mortgage Loan Guaranty or Insurance (02/23/2016)
3	857	Chapter B7-2, Title Insurance
4	858	B7-2-01, Provision of Title Insurance (04/06/2022)
4	858	B7-2-02, Title Insurer Requirements (06/05/2019)
4	859	B7-2-03, General Title Insurance Coverage (07/06/2022)
4	861	B7-2-04, Special Title Insurance Coverage Considerations (05/03/2023)
4	865	B7-2-05, Title Exceptions and Impediments (07/06/2022)
4	868	B7-2-06, Attorney Title Opinion Letter Requirements (12/10/2025)
3	870	Chapter B7-3, Property and Flood Insurance
4	870	B7-3-01, General Property Insurance Requirements for All Property Types (12/14/2022)
4	873	B7-3-02, Property Insurance Requirements for One-to Four-Unit Properties (08/05/2026)
4	875	B7-3-03, Master Property Insurance Requirements for Project Developments (08/05/2026)
4	882	B7-3-04, Property Insurance Requirements for Individual Units in a Project Development (08/05/2026)
4	884	B7-3-05, Additional Insurance Requirements (12/14/2022)
4	887	B7-3-06, Flood Insurance Requirements for All Property Types (02/07/2024)
4	894	B7-3-07, Evidence of Property Insurance (08/05/2026)
4	897	B7-3-08, Mortgagee Clause, Named Insured, and Notice of Cancellation Requirements (12/14/2022)
3	899	Chapter B7-4, Liability and Fidelity/Crime Insurance Requirements for Project Developments
4	900	B7-4-01, General Liability Insurance Requirements for Project Developments (08/05/2026)
4	901	B7-4-02, Fidelity/Crime Insurance Requirements for Project Developments (08/05/2026)
2	903	Subpart B8, Closing: Legal Documents
3	903	Chapter B8-1, General Information on Legal Documents
4	903	B8-1-01, Publication of Legal Documents (06/28/2011)
3	904	Chapter B8-2, Security Instruments
4	905	B8-2-01, Security Instruments for Conventional Mortgages (02/06/2019)
4	906	B8-2-02, Special-Purpose Security Instruments (12/10/2025)
4	908	B8-2-03, Signature Requirements for Security Instruments (10/22/2013)
3	909	Chapter B8-3, Notes
4	910	B8-3-01, Notes for Conventional Mortgages (09/02/2020)
4	911	B8-3-02, Special Note Provisions and Language Requirements (06/03/2020)
4	912	B8-3-03, Signature Requirements for Notes (02/07/2024)
4	913	B8-3-04, Note Endorsement (10/02/2019)
3	915	Chapter B8-4, Riders and Addenda
4	915	B8-4-01, Riders and Addenda (06/05/2018)
3	918	Chapter B8-5, Special-Purpose Legal Documents
4	918	B8-5-01, General Information on Special-Purpose Legal Documents (05/01/2019)
4	919	B8-5-02, Inter Vivos Revocable Trust Mortgage Documentation and Signature Requirements (10/31/2017)
4	922	B8-5-03, HomeStyle Renovation Mortgage Documentation Requirements (06/05/2018)
4	923	B8-5-04, Sample Legal Documents (02/05/2025)
4	924	B8-5-05, Requirements for Use of a Power of Attorney (10/05/2022)
3	928	Chapter B8-6, Mortgage Assignments
4	928	B8-6-01, Authorized Use of Intervening and Blanket Assignments (05/04/2022)
3	930	Chapter B8-7, Mortgage Electronic Registration System (MERS)
4	930	B8-7-01, Mortgage Electronic Registration Systems (MERS), Inc. (05/01/2024)
3	934	Chapter B8-8, Sale of eMortgages to Fannie Mae
4	934	B8-8-01, General Information on eMortgages (11/05/2025)
4	937	B8-8-02, Requirements for Creating, Closing, and Correcting eNotes (12/13/2023)
1	940	Part C, Selling, Securitizing, and Delivering Loans
2	941	Subpart C1, General Information on Execution Options and Loan Delivery
3	941	Chapter C1-1, Execution Options Overview
4	941	C1-1-01, Execution Options (02/05/2025)
3	945	Chapter C1-2, Loan Delivery Overview
4	946	C1-2-01, General Information on Delivering Loan Data and Documents (05/01/2019)
4	947	C1-2-02, Loan Data and Documentation Delivery Requirements (10/04/2023)
4	950	C1-2-03, Ownership of Mortgage Loans Prior to Purchase or Securitization and Third-Party Security Interests (04/06/2022)
4	952	C1-2-04, Delivering eMortgages to Fannie Mae (12/13/2023)
4	955	C1-2-05, Bailee Letters (04/06/2022)
3	956	Chapter C1-3, Loan Remittance Types Overview
4	957	C1-3-01, General Information on Remittance Types (08/26/2014)
2	958	Subpart C2, Whole Loan Transactions
3	958	Chapter C2-1, Mandatory and Best Efforts Commitments to Sell Whole Loans
4	958	Section C2-1.1, Mandatory Commitments to Sell Whole Loans
5	958	C2-1.1-01, Mandatory Commitment Process (10/30/2009)
5	959	C2-1.1-02, General Information about Mandatory Commitment Pricing and Fees (06/07/2023)
5	962	C2-1.1-03, Mandatory Commitment Terms, Amounts, Periods and Other Requirements (07/05/2023)
5	964	C2-1.1-04, Mandatory Commitment Extensions and Pair-Offs (05/30/2017)
5	967	C2-1.1-05, Servicing Fees (05/01/2019)
5	968	C2-1.1-06, Accrued Interest Payments for Regularly Amortizing Mortgages (06/28/2011)
5	969	C2-1.1-07, Standard ARM and Converted ARM Resale Commitments (05/30/2017)
4	971	Section C2-1.2, Best Efforts Commitments to Sell Whole Loans
5	971	C2-1.2-01, Best Efforts Commitment Process (08/06/2025)
5	972	C2-1.2-02, Best Efforts Commitment Pricing, Periods, and Fees (03/03/2021)
5	973	C2-1.2-03, Best Efforts Commitment Terms, Amounts, and Other Requirements (03/03/2021)
4	975	Section C2-1.3, Servicing Execution Tool to Sell Whole Loans
5	975	C2-1.3-01, Servicing Marketplace (03/03/2021)
3	977	Chapter C2-2, Whole Loan Deliveries to and Purchasing by Fannie Mae
4	977	C2-2-01, General Requirements for Good Delivery of Whole Loans (08/07/2018)
4	980	C2-2-02, Documentation Requirements for Whole Loan Deliveries (05/01/2019)
4	982	C2-2-03, General Information on Whole Loan Purchasing Policies (05/04/2022)
4	984	C2-2-04, Timing of Distribution of Whole Loan Purchase Proceeds (05/04/2022)
4	985	C2-2-05, Whole Loan Purchasing Process (10/04/2023)
4	987	C2-2-06, Authorization to Transfer Funds (05/01/2024)
4	989	C2-2-07, Purchase Payee Codes (05/01/2024)
2	991	Subpart C3, Mortgage-Backed Securities (MBS)
3	991	Chapter C3-1, MBS Program Overview
4	991	C3-1-01, General Information About Fannie Mae’s MBS Program (10/06/2021)
4	995	C3-1-02, Preparing to Pool Loans into MBS (05/01/2019)
3	996	Chapter C3-2, MBS Securitization Process
4	996	C3-2-01, Determining Eligibility for Loans Pooled into MBS (09/07/2022)
4	1000	C3-2-02, Selecting a Servicing Option (04/01/2009)
4	1001	C3-2-03, MBS Remittance Type and Selecting a Remittance Cycle (10/25/2011)
4	1002	C3-2-04, Mandatory MBS Commitments (12/06/2016)
3	1003	Chapter C3-3, MBS Guaranty Fees and Guaranty Fee Buyups and Buydowns
4	1004	C3-3-01, Determining and Remitting Guaranty Fees (10/25/2011)
4	1005	C3-3-02, Accessing Buyup and Buydown Ratios and Calculating Payments or Charges (12/04/2019)
4	1007	C3-3-03, Buying Up and Buying Down the Guaranty Fee for MBS (05/07/2025)
3	1009	Chapter C3-4, Pooling Loans into Fixed-Rate MBS
4	1009	C3-4-01, Term-Related Fixed-Rate Mortgage Pooling Parameters (05/01/2019)
3	1011	Chapter C3-5, Pooling Loans into ARM MBS
4	1011	C3-5-01, Creating Weighted-Average ARM MBS (08/26/2014)
4	1012	C3-5-02, Calculating the Weighted-Average Pool Accrual Rates for ARM Flex Pools Using a Fixed MBS Margin (04/01/2009)
4	1015	C3-5-03, Calculating the Weighted-Average Pool Accrual Rates for ARM Flex Pools Using a Weighted-Average MBS Margin (04/01/2009)
4	1019	C3-5-04, Pooling ARMs with a Conversion Option (05/01/2019)
4	1020	C3-5-05, Commingling ARMs in MBS (02/23/2016)
3	1021	Chapter C3-6, Pooling Loans into Fannie Majors
4	1021	C3-6-01, Parameters for Pooling Loans Into Fannie Majors (08/05/2026)
3	1023	Chapter C3-7, Delivering and Trading MBS
4	1024	C3-7-01, Establishing an MBS Trading Account (10/06/2021)
4	1031	C3-7-02, Initiating an MBS Sale (07/07/2021)
4	1033	C3-7-03, Making Good Delivery (05/01/2019)
4	1037	C3-7-04, Delivering MBS Pool Data and Documents (04/01/2026)
4	1040	C3-7-05, Confirming Presettlement Information (04/01/2009)
4	1042	C3-7-06, Settling the Trade (05/05/2021)
4	1046	C3-7-07, Sale of Fannie Mae Securities to Third Parties (05/05/2021)
1	1049	Part D, Ensuring Quality Control (QC)
2	1050	Subpart D1, Lender QC Process
3	1050	Chapter D1-1, Lender Quality Control Process
4	1050	D1-1-01, Lender Quality Control Programs, Plans, and Processes (04/01/2026)
4	1056	D1-1-02, Lender Quality Control Staffing and Outsourcing of the Quality Control Process (04/01/2026)
4	1058	D1-1-03, Lender Quality Control Reporting (04/01/2026)
3	1059	Chapter D1-2, Lender Prefunding QC Mortgage Review
4	1060	D1-2-01, Lender Prefunding Quality Control Review Process (04/01/2026)
3	1062	Chapter D1-3, Lender Post-Closing QC Mortgage Review
4	1062	D1-3-01, Lender Post-Closing Quality Control Review Process (04/01/2026)
4	1065	D1-3-02, Lender Post-Closing Quality Control Review of Approval Conditions, Underwriting Decisions, Data, and Documentation (04/01/2026)
4	1069	D1-3-03, Lender Post-Closing Quality Control Reverifications (04/01/2026)
2	1073	Subpart D2, Fannie Mae QC Process
3	1074	Chapter D2-1, General Information on Fannie Mae QC Process
4	1074	D2-1-01, General Information on Fannie Mae QC Reviews (04/03/2019)
4	1075	D2-1-02, Fannie Mae QC File Request and Submission Requirements (03/06/2024)
4	1077	D2-1-03, Outcomes of Fannie Mae QC Reviews (11/03/2015)
4	1080	D2-1-04, Identifying and Remedying Origination Defects Under the Remedies Framework (08/30/2016)
1	1084	Part E, Quick Reference Materials
2	1085	Chapter E-1, Selling Guide Resources
3	1085	E-1-01, References to Fannie Mae's Website (06/04/2025)
3	1086	E-1-02, List of Contacts (02/04/2026)
3	1092	E-1-03, List of Lender Contracts (08/05/2020)
2	1094	Chapter E-2, Exhibits
3	1094	E-2-01, Required Custodial Documents (05/04/2022)
3	1097	E-2-02, Suggested Format for Phase I Environmental Hazard Assessments (06/04/2025)
3	1109	E-2-03, Revocable Trust Rider (Sample Language) (01/17/2013)
3	1110	E-2-04, Signature Requirements for Mortgages to Inter Vivos Revocable Trusts (08/05/2026)
3	1114	E-2-05, Servicing Marketplace — Mortgage Loan Servicing Purchase and Sale Agreement (12/15/2021)
3	1129	E-2-06, Correcting Errors in eNotes (12/13/2023)
3	1130	E-2-07, Description of eNote Header, Footer, and eNote Clause (12/13/2023)
2	1132	Chapter E-3, Acronyms and Glossary of Defined Terms
3	1132	E-3-01, Acronyms and Glossary of Defined Terms: A (09/03/2025)
3	1135	E-3-02, Acronyms and Glossary of Defined Terms: B (02/07/2024)
3	1137	E-3-03, Acronyms and Glossary of Defined Terms: C (04/22/2026)
3	1142	E-3-04, Acronyms and Glossary of Defined Terms: D (03/01/2023)
3	1145	E-3-05, Acronyms and Glossary of Defined Terms: E (12/14/2022)
3	1147	E-3-06, Acronyms and Glossary of Defined Terms: F (09/03/2025)
3	1151	E-3-07, Acronyms and Glossary of Defined Terms: G (06/04/2025)
3	1152	E-3-08, Acronyms and Glossary of Defined Terms: H (04/05/2023)
3	1154	E-3-09, Acronyms and Glossary of Defined Terms: I (02/04/2026)
3	1157	E-3-10, Acronyms and Glossary of Defined Terms: J (04/01/2009)
3	1157	E-3-11, Acronyms and Glossary of Defined Terms: K (12/14/2022)
3	1157	E-3-12, Acronyms and Glossary of Defined Terms: L (10/08/2025)
3	1160	E-3-13, Acronyms and Glossary of Defined Terms: M (11/06/2024)
3	1165	E-3-14, Acronyms and Glossary of Defined Terms: N (06/04/2025)
3	1166	E-3-15, Acronyms and Glossary of Defined Terms: O (11/10/2014)
3	1167	E-3-16, Acronyms and Glossary of Defined Terms: P (02/07/2024)
3	1171	E-3-17, Acronyms and Glossary of Defined Terms: Q (04/01/2009)
3	1172	E-3-18, Acronyms and Glossary of Defined Terms: R (05/06/2026)
3	1175	E-3-19, Acronyms and Glossary of Defined Terms: S (02/07/2024)
3	1180	E-3-20, Acronyms and Glossary of Defined Terms: T (02/07/2024)
3	1182	E-3-21, Acronyms and Glossary of Defined Terms: U (05/01/2019)
3	1183	E-3-22, Acronyms and Glossary of Defined Terms: V (09/03/2025)
3	1184	E-3-23, Acronyms and Glossary of Defined Terms: W (11/10/2019)
3	1184	E-3-24, Acronyms and Glossary of Defined Terms: X (04/01/2009)
3	1184	E-3-25, Acronyms and Glossary of Defined Terms: Y (05/30/2017)
3	1185	E-3-26, Acronyms and Glossary of Defined Terms: Z (04/01/2009)
